date_utc,channel_id,channel_title,subscribers,views,videos
2026-01-17,UCZ5qxuvquQABNtjcawNMowA,DaddyFamtech,115000,13101886,1393
2026-01-17,UCZEdNvDcHUPEE7CDRpXnO6w,Cyril | Ctrl Bu,5830,799595,153
2026-01-17,UCJy0lX8ThZ7lCtst7JnegWQ,Jojol,2690000,609282099,2110
2026-01-17,UC7XxmEXw7wXgh259vYCSjkQ,Cmonavis 2,10000,1217242,201
2026-01-17,UCPQsSFJurluaMOG1qL0Y7sA,PP World,447000,77108117,1024
2026-01-17,UCFrfK9IFqO15S7C52DdnSog,GIGATOP,42400,14934718,1064
2026-01-17,UC4q3HKdMqzll3SvA2Lf7oAg,Thomas in Tech,71700,21007416,942
2026-01-17,UCTOAKgwfqqCbOytF3RNGGVw,Monsieur GRrr,722000,146586927,1971
2026-01-17,UCfLyhjpn3hzleNtgTGOQimA,Romain PIAUD,31200,7418634,572
2026-01-17,UCNOUTy_TWRJzAaSfIGserkg,Nowtech Replay (Le Mug Nowtech),5390,798246,499
2026-01-17,UCxpT79bmhxk50l8P50WG86w,Discoverdex,77200,23776602,469
2026-01-17,UCGMxP4yf3ixAAEKQc3d76gw,Arnaud,6120,1761887,137
2026-01-17,UCDfGCQqgOKPYeiaG3I4vl4w,Marty,109000,22336460,872
2026-01-17,UCljgvfi_NnUrNJVHp_HGHwA,Bazar de Léo - TechMaker,72000,25487730,112
2026-01-17,UC1wV5Kf18gVbL3bWH-tWKDw,Cmonavis,61900,12349761,644
2026-01-17,UCrSCIeCW1YuEviVZPVhEfGQ,Dorian GM,29000,5643256,266
2026-01-17,UCOyUCj6Wx9skJggzZFUDZyA,Unlock Talk,20000,2295222,348
2026-01-17,UCgjhIdz3Uw9r-eMyML9M8FA,PIKATE,10500,1150886,116
2026-01-17,UCaybrunQi8xWgPMgv1AYBHw,TheiCollection,1000000,218838126,1279
2026-01-17,UCqRSWOqkW_oelrdUN7KQ-aQ,Les Numériques,153000,63966654,3025
2026-01-17,UCwsQtHFlS-LKVn8xJ3TaupQ,Monsieur Pixel,9000,1168052,217
2026-01-17,UCaHolOYkfcTdC0vTFAywzXw,LoKan Sardari,87100,18081534,973
2026-01-17,UCu6HC8ahaPWqqfSvic7nWyQ,Nightech,137000,32670400,506
2026-01-17,UC-pdFydi9ooxEfATh3KoiIw,STEVEN,1100000,196340543,1507
2026-01-17,UCC5xS4j2xUyGO2UfjFh5LsQ,Nooz,14000,2562298,600
2026-01-18,UC4q3HKdMqzll3SvA2Lf7oAg,Thomas in Tech,71700,21020859,942
2026-01-18,UCNOUTy_TWRJzAaSfIGserkg,Nowtech Replay (Le Mug Nowtech),5390,798527,499
2026-01-18,UCDfGCQqgOKPYeiaG3I4vl4w,Marty,109000,22347123,872
2026-01-18,UCrSCIeCW1YuEviVZPVhEfGQ,Dorian GM,29100,5657059,266
2026-01-18,UCZ5qxuvquQABNtjcawNMowA,DaddyFamtech,116000,13122800,1395
2026-01-18,UCgjhIdz3Uw9r-eMyML9M8FA,PIKATE,10700,1158811,116
2026-01-18,UCxpT79bmhxk50l8P50WG86w,Discoverdex,77300,23794971,469
2026-01-18,UC-pdFydi9ooxEfATh3KoiIw,STEVEN,1100000,196356956,1507
2026-01-18,UC7XxmEXw7wXgh259vYCSjkQ,Cmonavis 2,10000,1218990,202
2026-01-18,UCFrfK9IFqO15S7C52DdnSog,GIGATOP,42500,14949562,1064
2026-01-18,UCqRSWOqkW_oelrdUN7KQ-aQ,Les Numériques,153000,63981381,3025
2026-01-18,UCwsQtHFlS-LKVn8xJ3TaupQ,Monsieur Pixel,9020,1169517,217
2026-01-18,UCPQsSFJurluaMOG1qL0Y7sA,PP World,447000,77132785,1027
2026-01-18,UCljgvfi_NnUrNJVHp_HGHwA,Bazar de Léo - TechMaker,72000,25488358,112
2026-01-18,UCu6HC8ahaPWqqfSvic7nWyQ,Nightech,137000,32706755,506
2026-01-18,UCJy0lX8ThZ7lCtst7JnegWQ,Jojol,2690000,609387775,2111
2026-01-18,UCfLyhjpn3hzleNtgTGOQimA,Romain PIAUD,31200,7431130,572
2026-01-18,UCaybrunQi8xWgPMgv1AYBHw,TheiCollection,1000000,218867309,1279
2026-01-18,UCC5xS4j2xUyGO2UfjFh5LsQ,Nooz,14000,2567746,600
2026-01-18,UCOyUCj6Wx9skJggzZFUDZyA,Unlock Talk,20000,2299254,349
2026-01-18,UCGMxP4yf3ixAAEKQc3d76gw,Arnaud,6120,1763550,137
2026-01-18,UCaHolOYkfcTdC0vTFAywzXw,LoKan Sardari,87200,18098259,973
2026-01-18,UCTOAKgwfqqCbOytF3RNGGVw,Monsieur GRrr,722000,146625072,1971
2026-01-18,UCZEdNvDcHUPEE7CDRpXnO6w,Cyril | Ctrl Bu,5840,802619,153
2026-01-18,UC1wV5Kf18gVbL3bWH-tWKDw,Cmonavis,61900,12359612,645
2026-01-19,UCljgvfi_NnUrNJVHp_HGHwA,Bazar de Léo - TechMaker,72000,25488929,112
2026-01-19,UC4q3HKdMqzll3SvA2Lf7oAg,Thomas in Tech,71800,21033922,942
2026-01-19,UCgjhIdz3Uw9r-eMyML9M8FA,PIKATE,11100,1167419,117
2026-01-19,UCFrfK9IFqO15S7C52DdnSog,GIGATOP,42500,14966381,1064
2026-01-19,UCwsQtHFlS-LKVn8xJ3TaupQ,Monsieur Pixel,9060,1170959,218
2026-01-19,UCOyUCj6Wx9skJggzZFUDZyA,Unlock Talk,20000,2303523,350
2026-01-19,UC1wV5Kf18gVbL3bWH-tWKDw,Cmonavis,62000,12366889,645
2026-01-19,UCfLyhjpn3hzleNtgTGOQimA,Romain PIAUD,31200,7441679,573
2026-01-19,UCxpT79bmhxk50l8P50WG86w,Discoverdex,77300,23808431,469
2026-01-19,UCNOUTy_TWRJzAaSfIGserkg,Nowtech Replay (Le Mug Nowtech),5390,798685,499
2026-01-19,UCTOAKgwfqqCbOytF3RNGGVw,Monsieur GRrr,722000,146650544,1972
2026-01-19,UCqRSWOqkW_oelrdUN7KQ-aQ,Les Numériques,153000,63995034,3025
2026-01-19,UCrSCIeCW1YuEviVZPVhEfGQ,Dorian GM,29100,5670054,266
2026-01-19,UCJy0lX8ThZ7lCtst7JnegWQ,Jojol,2690000,609640038,2111
2026-01-19,UCDfGCQqgOKPYeiaG3I4vl4w,Marty,109000,22353653,872
2026-01-19,UC-pdFydi9ooxEfATh3KoiIw,STEVEN,1100000,196374191,1507
2026-01-19,UCu6HC8ahaPWqqfSvic7nWyQ,Nightech,137000,32748270,507
2026-01-19,UCGMxP4yf3ixAAEKQc3d76gw,Arnaud,6130,1765044,138
2026-01-19,UC7XxmEXw7wXgh259vYCSjkQ,Cmonavis 2,10000,1221090,202
2026-01-19,UCaHolOYkfcTdC0vTFAywzXw,LoKan Sardari,87300,18110698,973
2026-01-19,UCZ5qxuvquQABNtjcawNMowA,DaddyFamtech,116000,13144146,1395
2026-01-19,UCC5xS4j2xUyGO2UfjFh5LsQ,Nooz,14000,2571366,601
2026-01-19,UCPQsSFJurluaMOG1qL0Y7sA,PP World,447000,77195192,1027
2026-01-19,UCZEdNvDcHUPEE7CDRpXnO6w,Cyril | Ctrl Bu,5850,805305,152
2026-01-19,UCaybrunQi8xWgPMgv1AYBHw,TheiCollection,1000000,218896214,1279
2026-01-20,UCxpT79bmhxk50l8P50WG86w,Discoverdex,77400,23820815,469
2026-01-20,UCrSCIeCW1YuEviVZPVhEfGQ,Dorian GM,29100,5682039,266
2026-01-20,UCZ5qxuvquQABNtjcawNMowA,DaddyFamtech,116000,13159279,1396
2026-01-20,UCGjKSSIpN7aYQluu04kPrsA,Brandon Le Proktor,306000,42912654,399
2026-01-20,UC_dzE9mydhQuQ0NwmXByDtA,André Martin,386000,55001422,974
2026-01-20,UCqRSWOqkW_oelrdUN7KQ-aQ,Les Numériques,153000,64005500,3026
2026-01-20,UCSYFVeBI66YqDhGrYKxiCUQ,Georges,963,96984,36
2026-01-20,UCTmHRe6W96WgYlUNxcokpVQ,Fitfitzone,1220,155215,18
2026-01-20,UCZsEJw8rwd0RWAga5dulOpg,Bon Plan High Tech,13600,4539872,343
2026-01-20,UCBOGe_x7aqQV4Ly5Rfa4iow,Les Tests de Cyril,30700,2572459,449
2026-01-20,UCCUlTcDhcn72O8TiNfFJWWA,GLG video (JT Geek),68200,20207526,3322
2026-01-20,UCXJ_vW2t0W5hY9hS8ePnpzw,Back Market France,21900,159569794,189
2026-01-20,UCe7R7Pt-bxNT7EE83NLsmFQ,Avis Express - Testeur High-Tech,272000,57572240,1696
2026-01-20,UCfLyhjpn3hzleNtgTGOQimA,Romain PIAUD,31300,7451104,573
2026-01-20,UCkS6jlQ4RJTCdkzVCU2-FSQ,GeekEtc,21400,6137522,636
2026-01-20,UCPQsSFJurluaMOG1qL0Y7sA,PP World,447000,77224275,1027
2026-01-20,UC7XxmEXw7wXgh259vYCSjkQ,Cmonavis 2,10000,1222749,203
2026-01-20,UCQsb5TqYUeGWGpJFr8DMWsQ,ANONIMAL,613000,71221221,295
2026-01-20,UCA_DfRJwb5U0S4UiiH3BtUg,Jérémy Dufour,77100,12936959,975
2026-01-20,UCDfGCQqgOKPYeiaG3I4vl4w,Marty,109000,22359050,873
2026-01-20,UC-pdFydi9ooxEfATh3KoiIw,STEVEN,1100000,196389816,1507
2026-01-20,UCZEdNvDcHUPEE7CDRpXnO6w,Cyril | Ctrl Bu,5850,807056,153
2026-01-20,UCFrfK9IFqO15S7C52DdnSog,GIGATOP,42600,14983446,1066
2026-01-20,UCljgvfi_NnUrNJVHp_HGHwA,Bazar de Léo - TechMaker,72000,25489430,112
2026-01-20,UCGMxP4yf3ixAAEKQc3d76gw,Arnaud,6130,1766472,138
2026-01-20,UC1N4EIilrmXhTEdu3h7tpPg,iPhone page ,990,171778,249
2026-01-20,UCBqYyDusSFntU7k2UnFGsBA,Giga Content,24600,5022052,787
2026-01-20,UCgjhIdz3Uw9r-eMyML9M8FA,PIKATE,11600,1174055,117
2026-01-20,UCaHolOYkfcTdC0vTFAywzXw,LoKan Sardari,87400,18121770,973
2026-01-20,UCm3QK_QNta9Mue2Q70gtzVw,Android plus,2650,452109,421
2026-01-20,UCOyUCj6Wx9skJggzZFUDZyA,Unlock Talk,20000,2306077,351
2026-01-20,UCuDNiVxL-Zfw0CBVQ4oOr8w,DealSmart FR,189,27345,23
2026-01-20,UCflWJq4cTuofmM-0G-GMUNQ,conseilguide,19100,6647775,1280
2026-01-20,UCYmw-Y8TnRzO4COTBKEgUGg,Les Dénicheurs,20400,5743949,2940
2026-01-20,UCJy0lX8ThZ7lCtst7JnegWQ,Jojol,2690000,609733404,2111
2026-01-20,UC4q3HKdMqzll3SvA2Lf7oAg,Thomas in Tech,71800,21045124,943
2026-01-20,UCoJ4gzwVvGNH5GNqiJoQAAA,Alex Reframe,131000,25001441,645
2026-01-20,UC6joDErOGcFJC1vHNSfsYQg,01net,135000,47949842,1798
2026-01-20,UC2lMzO7HzJ_jamFT762vfwA,Jon Rettinger en Français,318,52741,28
2026-01-20,UCQZa27_VXLUowoMsYo6Y0Dw,bazze tv,22400,3057121,258
2026-01-20,UCwsQtHFlS-LKVn8xJ3TaupQ,Monsieur Pixel,9080,1172165,218
2026-01-20,UCNOUTy_TWRJzAaSfIGserkg,Nowtech Replay (Le Mug Nowtech),5390,798873,499
2026-01-20,UCQigF3tZJJlt6o1_tkYKkNQ,KAPPA Studio,228000,56746926,124
2026-01-20,UCaybrunQi8xWgPMgv1AYBHw,TheiCollection,1000000,218919692,1279
2026-01-20,UCiR9chjo9kIFMsCXgspFxqg,Braindegeek,73700,46535676,785
2026-01-20,UCTOAKgwfqqCbOytF3RNGGVw,Monsieur GRrr,722000,146674515,1972
2026-01-20,UCu6HC8ahaPWqqfSvic7nWyQ,Nightech,137000,32797775,506
2026-01-20,UC1wV5Kf18gVbL3bWH-tWKDw,Cmonavis,62000,12372590,647
2026-01-20,UCrsiHZzr4IjuSjnvPy5rVUQ,Daddy Dtech,114000,11991130,401
2026-01-20,UCC5xS4j2xUyGO2UfjFh5LsQ,Nooz,14000,2574544,602
2026-01-21,UCkS6jlQ4RJTCdkzVCU2-FSQ,GeekEtc,21400,6141665,637
2026-01-21,UC-pdFydi9ooxEfATh3KoiIw,STEVEN,1100000,196395571,1507
2026-01-21,UCZEdNvDcHUPEE7CDRpXnO6w,Cyril | Ctrl Bu,5860,807568,153
2026-01-21,UCCUlTcDhcn72O8TiNfFJWWA,GLG video (JT Geek),68300,20208316,3323
2026-01-21,UCC5xS4j2xUyGO2UfjFh5LsQ,Nooz,14000,2575428,603
2026-01-21,UC1wV5Kf18gVbL3bWH-tWKDw,Cmonavis,62000,12374225,647
2026-01-21,UC2lMzO7HzJ_jamFT762vfwA,Jon Rettinger en Français,318,52816,29
2026-01-21,UCe7R7Pt-bxNT7EE83NLsmFQ,Avis Express - Testeur High-Tech,272000,57575012,1696
2026-01-21,UCuDNiVxL-Zfw0CBVQ4oOr8w,DealSmart FR,190,27406,23
2026-01-21,UCgjhIdz3Uw9r-eMyML9M8FA,PIKATE,11600,1177573,117
2026-01-21,UCOyUCj6Wx9skJggzZFUDZyA,Unlock Talk,20000,2306878,352
2026-01-21,UC_dzE9mydhQuQ0NwmXByDtA,André Martin,386000,55016543,974
2026-01-21,UCfLyhjpn3hzleNtgTGOQimA,Romain PIAUD,31300,7454009,574
2026-01-21,UCDfGCQqgOKPYeiaG3I4vl4w,Marty,109000,22360737,874
2026-01-21,UCQsb5TqYUeGWGpJFr8DMWsQ,ANONIMAL,613000,71221614,295
2026-01-21,UCxpT79bmhxk50l8P50WG86w,Discoverdex,77400,23824909,470
2026-01-21,UCSYFVeBI66YqDhGrYKxiCUQ,Georges,990,97001,36
2026-01-21,UCNOUTy_TWRJzAaSfIGserkg,Nowtech Replay (Le Mug Nowtech),5390,798939,500
2026-01-21,UCm3QK_QNta9Mue2Q70gtzVw,Android plus,2660,452175,421
2026-01-21,UCoJ4gzwVvGNH5GNqiJoQAAA,Alex Reframe,131000,25001963,645
2026-01-21,UCflWJq4cTuofmM-0G-GMUNQ,conseilguide,19100,6648486,1280
2026-01-21,UCaHolOYkfcTdC0vTFAywzXw,LoKan Sardari,87400,18125127,974
2026-01-21,UC4q3HKdMqzll3SvA2Lf7oAg,Thomas in Tech,71800,21048718,943
2026-01-21,UCrSCIeCW1YuEviVZPVhEfGQ,Dorian GM,29200,5686892,267
2026-01-21,UCQZa27_VXLUowoMsYo6Y0Dw,bazze tv,22400,3059936,258
2026-01-21,UC6joDErOGcFJC1vHNSfsYQg,01net,135000,47954847,1801
2026-01-21,UCTOAKgwfqqCbOytF3RNGGVw,Monsieur GRrr,722000,146681896,1972
2026-01-21,UCZsEJw8rwd0RWAga5dulOpg,Bon Plan High Tech,13600,4540332,343
2026-01-21,UC7XxmEXw7wXgh259vYCSjkQ,Cmonavis 2,10000,1223284,203
2026-01-21,UCiR9chjo9kIFMsCXgspFxqg,Braindegeek,73800,46549985,786
2026-01-21,UCu6HC8ahaPWqqfSvic7nWyQ,Nightech,137000,32819563,508
2026-01-21,UCYmw-Y8TnRzO4COTBKEgUGg,Les Dénicheurs,20400,5745662,2942
2026-01-21,UCXJ_vW2t0W5hY9hS8ePnpzw,Back Market France,21900,159592372,190
2026-01-21,UCTmHRe6W96WgYlUNxcokpVQ,Fitfitzone,1220,155466,18
2026-01-21,UCwsQtHFlS-LKVn8xJ3TaupQ,Monsieur Pixel,9090,1172517,218
2026-01-21,UCPQsSFJurluaMOG1qL0Y7sA,PP World,447000,77233914,1027
2026-01-21,UCGMxP4yf3ixAAEKQc3d76gw,Arnaud,6130,1766910,138
2026-01-21,UCaybrunQi8xWgPMgv1AYBHw,TheiCollection,1000000,218927520,1280
2026-01-21,UCrsiHZzr4IjuSjnvPy5rVUQ,Daddy Dtech,114000,11995514,402
2026-01-21,UCJy0lX8ThZ7lCtst7JnegWQ,Jojol,2690000,609758770,2111
2026-01-21,UCZ5qxuvquQABNtjcawNMowA,DaddyFamtech,117000,13164374,1396
2026-01-21,UCQigF3tZJJlt6o1_tkYKkNQ,KAPPA Studio,228000,56762736,124
2026-01-21,UCBOGe_x7aqQV4Ly5Rfa4iow,Les Tests de Cyril,30700,2573261,449
2026-01-21,UCljgvfi_NnUrNJVHp_HGHwA,Bazar de Léo - TechMaker,72000,25489555,112
2026-01-21,UCA_DfRJwb5U0S4UiiH3BtUg,Jérémy Dufour,77100,12939915,978
2026-01-21,UCGjKSSIpN7aYQluu04kPrsA,Brandon Le Proktor,306000,42915390,400
2026-01-21,UCBqYyDusSFntU7k2UnFGsBA,Giga Content,24600,5023975,788
2026-01-21,UC1N4EIilrmXhTEdu3h7tpPg,iPhone page ,992,171943,251
2026-01-21,UCqRSWOqkW_oelrdUN7KQ-aQ,Les Numériques,154000,64008677,3027
2026-01-21,UCFrfK9IFqO15S7C52DdnSog,GIGATOP,42600,14988302,1066
2026-01-21,UCUbwQOAmLdZ9zPOOPFt25zQ,YanNick TECH,66300,16733063,1304
2026-01-21,UCB32y6dm508Hap4_Mn-ZnHQ,Presse-citron,91000,25624481,1426
2026-01-21,UCagQpz-WZtgbSp8Ry0XQ4Yw,Victor,2840,197050,47
2026-01-21,UCpaI1FRY8EGK6mEAL7Wfr9w,Yosheez,130000,58339313,846
2026-01-21,UCc7giV0qHsCNbhjV3_ZJ22w,Paul - Nakryum,107000,14519090,578
2026-01-21,UCDBYphtxNDXGQe5eyHYZ6Fw,GUILLAUME,497000,65543741,877
2026-01-21,UCUclUivgBePqnqDGQ3Jzu2Q,TOUKIWANTI,123000,21492910,841
2026-01-21,UCtPzJInyqqt__Tn0EaUlaAw,Science Gaming,405000,378445951,1280
2026-01-21,UCuE3ei3NOnVjQUefjHUCF5Q,DiscoverID,377000,51757366,529
2026-01-21,UC69qClfvKeB9WeyySg5iQrQ,Yohann Studio,4220,2244873,315
2026-01-21,UCdqC1GnhKs3aQw6j62uOvUw,Mister Perrier,57100,5072479,364
2026-01-21,UCzICpbabqKwBTpb9XlWerjA,PassTech TV,681,127176,14
2026-01-21,UCEPqgSzHj7vlJj5pGX9dDdA,Gilo & Alex,2310,128897,40
2026-01-21,UCf-DN6QjyyEbhuMWCoXdXQQ,Phonandroid,144000,26453365,840
2026-01-21,UCySZIa8Y4e6aSVg4CISXAOA,Mathieu Dos Santos,24100,4038480,1088
2026-01-21,UCB0ffaItcXwkgbVu8Hvq3Tw,QUENTIN,224000,43298085,1301
2026-01-21,UCUT9pQQGw4ZEpv5hqrv-bZw,TonyTech,89100,11585616,726
2026-01-21,UC1WIj7YGywcVoRLS0zZu2RQ,TechDams,5320,1691256,22
2026-01-21,UCRI5foOTNz6DuVz3SVQ1cMA,Tao Gassin,13300,1062039,53
2026-01-21,UCJ3MlRSjtv2sT-rIDsFg0fw,Sam_VNR,4630,265502,56
2026-01-21,UC0AFqXyYs1z2Dxx5jtQBicQ,SkinnZer,44600,3615606,286
2026-01-21,UCwZsbPUXohCN867pQzioGLw,Nicolas Barbet,15400,5649312,349
2026-01-21,UCUanZckNyJODHBdqtMzYMpA,ORLM.tv / On refait le Mac,54700,13147932,1441
2026-01-21,UCssuk5-zaZn9vt0_HNj-Hug,VERBOZZ,473000,60386917,284
2026-01-21,UC_FckuJiPXwA_nOEIoTsRZg,Fabien captain virtuality,12800,1783949,179
2026-01-21,UCJPa4sr9B_mLjShfHhWi8yg,TECnaiche,13400,4590911,403
2026-01-21,UCP5-zNhWXk_LUPIJpxtrTnQ,Cowcotland,52600,23472705,4254
2026-01-21,UCa8Leo9o5Nnb-Cc1sWfT2HQ,MobileAddict,300000,43991599,419
2026-01-21,UCs7Jg5KBsgiova4CrseuwIw,TheGrandTest,324000,45024479,1873
2026-01-21,UCNzUonmxxvG-HIqOC3S7Thw,VAC - Vulgarisateur Apple et compagnie,76000,1502884,227
2026-01-21,UC7rdUip5Q8R7Ki1haNbdwwg,SoloTech,254000,35145420,608
2026-01-21,UClQPWod8Gjgw7i51t7PYibQ, Sélection Futée,2180,176948,366
2026-01-21,UCUD3E77YRTGK3yPSDB6Kq5Q,Monsport06,193000,13097598,506
2026-01-21,UClnRNkdVq24iwIbc1O-hjlw,Yensing,20800,1251278,19
2026-01-21,UCMWAxO0xGJxELkiX5_pEJNA,Pannacophone - Smartphone & Tech ,91100,11432592,137
2026-01-21,UCrwtkeoBxPfhyde5eesmvyA,CieloTech,11700,12270248,209
2026-01-21,UCR-4Ge4NbqILG5HTTvs_nFQ,Lysandre_lbd,12000,5295346,311
2026-01-21,UCUltPy138RvnbWX_FuUHtDA,MT High-Tech,22000,2890181,314
2026-01-21,UCfbwndxvM8tOtxN_GqU1R3Q,Lorenzo-high-tech,28800,4407267,938
2026-01-21,UCJ4p_F-vCnEn5V5OtFN8Q3w,FrenchMakito,32500,3531031,96
2026-01-21,UCX4A8obrGg1iX37R-fyBJ6w,Monde Tech,679,126537,109
2026-01-21,UCM6kUx3GI7lTQlqMBiumaEg,technofou,43400,1920936,90
2026-01-21,UCU8_onYYhNxwGUB3hA34C4Q,FrenchHardware,837000,166073413,932
2026-01-21,UCOtM8pxxBIfwqu6e8mHgUEQ,TheiMika,12800,3579263,121
2026-01-21,UCb0sWM7tMRaEgn_hpptqnxA,Mon iPad & Moi,632,35815,28
2026-01-21,UC2HXhqg87yIWz152Ig9vkaQ,Tout Techno,31600,6935103,233
2026-01-21,UCQvNFAufGf8mtN2_L8thysg,Journal du Geek,66000,31562006,2482
2026-01-21,UCVrceZhsV6TRyVh3VhBFaKA,MOBICLICK,2020,1016336,183
2026-01-21,UC5HtcZa4-moyfy6NTY7GHwA,TECHNO 24,446,188232,536
2026-01-21,UC65OszX3C9oYfNLU5AWjwYg,Aaron,2960,293204,32
2026-01-22,UCDfGCQqgOKPYeiaG3I4vl4w,Marty,109000,22375376,875
2026-01-22,UCkS6jlQ4RJTCdkzVCU2-FSQ,GeekEtc,21500,6154602,637
2026-01-22,UCQZa27_VXLUowoMsYo6Y0Dw,bazze tv,22400,3078220,258
2026-01-22,UCZsEJw8rwd0RWAga5dulOpg,Bon Plan High Tech,13600,4542650,343
2026-01-22,UCfLyhjpn3hzleNtgTGOQimA,Romain PIAUD,31300,7473825,575
2026-01-22,UCrSCIeCW1YuEviVZPVhEfGQ,Dorian GM,29200,5706022,267
2026-01-22,UC1wV5Kf18gVbL3bWH-tWKDw,Cmonavis,62000,12391236,647
2026-01-22,UCTmHRe6W96WgYlUNxcokpVQ,Fitfitzone,1220,156754,18
2026-01-22,UCm3QK_QNta9Mue2Q70gtzVw,Android plus,2650,452451,422
2026-01-22,UCPQsSFJurluaMOG1qL0Y7sA,PP World,447000,77297880,1029
2026-01-22,UCA_DfRJwb5U0S4UiiH3BtUg,Jérémy Dufour,77200,12958486,976
2026-01-22,UCaHolOYkfcTdC0vTFAywzXw,LoKan Sardari,87400,18142546,974
2026-01-22,UCgjhIdz3Uw9r-eMyML9M8FA,PIKATE,11600,1181683,116
2026-01-22,UCYmw-Y8TnRzO4COTBKEgUGg,Les Dénicheurs,20400,5755306,2944
2026-01-22,UC4q3HKdMqzll3SvA2Lf7oAg,Thomas in Tech,71800,21066619,944
2026-01-22,UCNOUTy_TWRJzAaSfIGserkg,Nowtech Replay (Le Mug Nowtech),5390,799611,500
2026-01-22,UCCUlTcDhcn72O8TiNfFJWWA,GLG video (JT Geek),68400,20212507,3324
2026-01-22,UC2lMzO7HzJ_jamFT762vfwA,Jon Rettinger en Français,317,53065,28
2026-01-22,UCljgvfi_NnUrNJVHp_HGHwA,Bazar de Léo - TechMaker,72000,25490154,112
2026-01-22,UCwsQtHFlS-LKVn8xJ3TaupQ,Monsieur Pixel,9100,1178178,218
2026-01-22,UCGjKSSIpN7aYQluu04kPrsA,Brandon Le Proktor,306000,42962619,400
2026-01-22,UCXJ_vW2t0W5hY9hS8ePnpzw,Back Market France,21900,159719055,190
2026-01-22,UCGMxP4yf3ixAAEKQc3d76gw,Arnaud,6140,1769328,138
2026-01-22,UCflWJq4cTuofmM-0G-GMUNQ,conseilguide,19200,6653120,1280
2026-01-22,UC6joDErOGcFJC1vHNSfsYQg,01net,136000,47984683,1803
2026-01-22,UCu6HC8ahaPWqqfSvic7nWyQ,Nightech,137000,33029395,509
2026-01-22,UC_dzE9mydhQuQ0NwmXByDtA,André Martin,386000,55091968,974
2026-01-22,UCaybrunQi8xWgPMgv1AYBHw,TheiCollection,1000000,218969615,1280
2026-01-22,UCZEdNvDcHUPEE7CDRpXnO6w,Cyril | Ctrl Bu,5860,810214,153
2026-01-22,UCuDNiVxL-Zfw0CBVQ4oOr8w,DealSmart FR,190,27628,23
2026-01-22,UCrsiHZzr4IjuSjnvPy5rVUQ,Daddy Dtech,114000,12028717,402
2026-01-22,UCFrfK9IFqO15S7C52DdnSog,GIGATOP,42700,15021349,1069
2026-01-22,UC1N4EIilrmXhTEdu3h7tpPg,iPhone page ,997,172750,251
2026-01-22,UCxpT79bmhxk50l8P50WG86w,Discoverdex,77500,23843977,470
2026-01-22,UCiR9chjo9kIFMsCXgspFxqg,Braindegeek,74000,46621656,787
2026-01-22,UCqRSWOqkW_oelrdUN7KQ-aQ,Les Numériques,154000,64036878,3026
2026-01-22,UCJy0lX8ThZ7lCtst7JnegWQ,Jojol,2690000,609877544,2111
2026-01-22,UCe7R7Pt-bxNT7EE83NLsmFQ,Avis Express - Testeur High-Tech,272000,57596769,1696
2026-01-22,UCC5xS4j2xUyGO2UfjFh5LsQ,Nooz,14100,2583214,604
2026-01-22,UC7XxmEXw7wXgh259vYCSjkQ,Cmonavis 2,10000,1227795,204
2026-01-22,UCBqYyDusSFntU7k2UnFGsBA,Giga Content,24600,5044183,789
2026-01-22,UCSYFVeBI66YqDhGrYKxiCUQ,Georges,998,100724,36
2026-01-22,UCBOGe_x7aqQV4Ly5Rfa4iow,Les Tests de Cyril,30700,2575906,450
2026-01-22,UCQigF3tZJJlt6o1_tkYKkNQ,KAPPA Studio,228000,56833547,124
2026-01-22,UCZ5qxuvquQABNtjcawNMowA,DaddyFamtech,117000,13183614,1398
2026-01-22,UCoJ4gzwVvGNH5GNqiJoQAAA,Alex Reframe,131000,25004436,645
2026-01-22,UCOyUCj6Wx9skJggzZFUDZyA,Unlock Talk,20000,2318865,353
2026-01-22,UC-pdFydi9ooxEfATh3KoiIw,STEVEN,1100000,196419960,1507
2026-01-22,UCQsb5TqYUeGWGpJFr8DMWsQ,ANONIMAL,613000,71224076,296
2026-01-22,UCTOAKgwfqqCbOytF3RNGGVw,Monsieur GRrr,722000,146733129,1973
2026-01-22,UCuE3ei3NOnVjQUefjHUCF5Q,DiscoverID,377000,51764274,529
2026-01-22,UCR-4Ge4NbqILG5HTTvs_nFQ,Lysandre_lbd,12000,5302589,312
2026-01-22,UCUltPy138RvnbWX_FuUHtDA,MT High-Tech,22000,2892681,313
2026-01-22,UC1WIj7YGywcVoRLS0zZu2RQ,TechDams,5330,1695775,22
2026-01-22,UCc7giV0qHsCNbhjV3_ZJ22w,Paul - Nakryum,107000,14530661,579
2026-01-22,UCUD3E77YRTGK3yPSDB6Kq5Q,Monsport06,193000,13107914,506
2026-01-22,UCssuk5-zaZn9vt0_HNj-Hug,VERBOZZ,473000,60414343,284
2026-01-22,UC65OszX3C9oYfNLU5AWjwYg,Aaron,2960,293679,32
2026-01-22,UCP5-zNhWXk_LUPIJpxtrTnQ,Cowcotland,52600,23478315,4254
2026-01-22,UCUT9pQQGw4ZEpv5hqrv-bZw,TonyTech,89100,11593649,726
2026-01-22,UClnRNkdVq24iwIbc1O-hjlw,Yensing,20900,1253101,19
2026-01-22,UCMWAxO0xGJxELkiX5_pEJNA,Pannacophone - Smartphone & Tech ,91100,11440247,137
2026-01-22,UCQvNFAufGf8mtN2_L8thysg,Journal du Geek,66000,31570803,2483
2026-01-22,UCDBYphtxNDXGQe5eyHYZ6Fw,GUILLAUME,497000,65570210,877
2026-01-22,UCpaI1FRY8EGK6mEAL7Wfr9w,Yosheez,130000,58365702,847
2026-01-22,UCJ3MlRSjtv2sT-rIDsFg0fw,Sam_VNR,4630,268063,58
2026-01-22,UCB32y6dm508Hap4_Mn-ZnHQ,Presse-citron,91000,25637410,1427
2026-01-22,UCM6kUx3GI7lTQlqMBiumaEg,technofou,43400,1922690,90
2026-01-22,UCzICpbabqKwBTpb9XlWerjA,PassTech TV,681,127181,14
2026-01-22,UCb0sWM7tMRaEgn_hpptqnxA,Mon iPad & Moi,636,36049,28
2026-01-22,UC7rdUip5Q8R7Ki1haNbdwwg,SoloTech,253000,35154660,610
2026-01-22,UCUbwQOAmLdZ9zPOOPFt25zQ,YanNick TECH,66400,16776188,1305
2026-01-22,UCtPzJInyqqt__Tn0EaUlaAw,Science Gaming,405000,380085784,1283
2026-01-22,UCUanZckNyJODHBdqtMzYMpA,ORLM.tv / On refait le Mac,54700,13150663,1442
2026-01-22,UCNzUonmxxvG-HIqOC3S7Thw,VAC - Vulgarisateur Apple et compagnie,76000,1504729,228
2026-01-22,UCOtM8pxxBIfwqu6e8mHgUEQ,TheiMika,12800,3579828,121
2026-01-22,UC5HtcZa4-moyfy6NTY7GHwA,TECHNO 24,448,189275,536
2026-01-22,UC69qClfvKeB9WeyySg5iQrQ,Yohann Studio,4230,2248245,315
2026-01-22,UCJ4p_F-vCnEn5V5OtFN8Q3w,FrenchMakito,32500,3534586,96
2026-01-22,UCf-DN6QjyyEbhuMWCoXdXQQ,Phonandroid,144000,26456834,840
2026-01-22,UCwZsbPUXohCN867pQzioGLw,Nicolas Barbet,15400,5653559,349
2026-01-22,UCfbwndxvM8tOtxN_GqU1R3Q,Lorenzo-high-tech,28900,4414543,939
2026-01-22,UCRI5foOTNz6DuVz3SVQ1cMA,Tao Gassin,13300,1064674,53
2026-01-22,UCX4A8obrGg1iX37R-fyBJ6w,Monde Tech,680,127611,110
2026-01-22,UC_FckuJiPXwA_nOEIoTsRZg,Fabien captain virtuality,12800,1784844,179
2026-01-22,UCdqC1GnhKs3aQw6j62uOvUw,Mister Perrier,57100,5072870,364
2026-01-22,UCs7Jg5KBsgiova4CrseuwIw,TheGrandTest,324000,45036135,1872
2026-01-22,UC0AFqXyYs1z2Dxx5jtQBicQ,SkinnZer,44600,3615930,286
2026-01-22,UC2HXhqg87yIWz152Ig9vkaQ,Tout Techno,31700,6947685,234
2026-01-22,UCagQpz-WZtgbSp8Ry0XQ4Yw,Victor,2840,197708,47
2026-01-22,UCySZIa8Y4e6aSVg4CISXAOA,Mathieu Dos Santos,24100,4045856,1090
2026-01-22,UCB0ffaItcXwkgbVu8Hvq3Tw,QUENTIN,224000,43303219,1302
2026-01-22,UCa8Leo9o5Nnb-Cc1sWfT2HQ,MobileAddict,300000,44000689,419
2026-01-22,UCU8_onYYhNxwGUB3hA34C4Q,FrenchHardware,837000,166398726,933
2026-01-22,UCUclUivgBePqnqDGQ3Jzu2Q,TOUKIWANTI,123000,21522472,840
2026-01-22,UClQPWod8Gjgw7i51t7PYibQ, Sélection Futée,2180,179124,367
2026-01-22,UCrwtkeoBxPfhyde5eesmvyA,CieloTech,11700,12366149,209
2026-01-22,UCVrceZhsV6TRyVh3VhBFaKA,MOBICLICK,2020,1018577,184
2026-01-22,UCJPa4sr9B_mLjShfHhWi8yg,TECnaiche,13400,4596012,403
2026-01-22,UCEPqgSzHj7vlJj5pGX9dDdA,Gilo & Alex,2310,129075,40
2026-01-22,UC69gruQfEHEQ4Qme0liJOdw,Ludo Tech,1710,753831,185
2026-01-22,UCr7ZVUNJ9KyYD92xqfinGsQ,Jimtek,15900,1336826,131
2026-01-22,UCOm_kuKVb4ImX_DHpIgX_zg,Skinn's Tech Deals,1930,68948,17
2026-01-22,UCNWE4ouC-BxzJ-Lomuuqb1Q,Isma(ël),4230,291416,42
2026-01-22,UCOaX4zvPzmv0eBbUWOOOB_A,TopAchat,101000,18390727,682
2026-01-22,UCURjynFkZicGPbIIaWO9vmQ,Benji TV,60500,14340344,250
2026-01-22,UCchpwieM3DswmDEnJ0MRq1A,Romain Lanéry,1050000,204398343,1661
2026-01-22,UCPP-NkzSqMJ9ywhJkcgrpAw,Tech_Sama,213000,29234739,753
2026-01-22,UCbwE_k9zALnzZRvkoyDhuzw,Jojo Le Geek,165000,25175116,590
2026-01-22,UC3-dl8nKItitMxM9DNTDAfQ,Kang et ses PC,104000,25749385,137
2026-01-22,UCz6PEeVLG1TL6jMRTvSLm4g,Matt Talks Tech,778000,106774128,1479
2026-01-22,UCAOjk3Po21_t7L1MDHQ4-Og,FNK Hardware,248000,43057970,1230
2026-01-22,UCQSA6pCffm7epqxFqouL0Xg,Mathis et Gauthier,191000,32908962,434
2026-01-22,UCrHCRJPuJJcINMMEETEYt4g,Petit Comparateur,16000,5663901,729
2026-01-22,UCpFq62uOig4n9jT3luIYUDQ,VZX,22900,9409349,142
2026-01-22,UCHJb6-VCrzQqVQASN23OskQ,Jigfio Ti Super,19000,923580,67
2026-01-22,UCrAiXFptzDmgQA6gUCOz9RQ,Meta Perso,14700,1085482,49
2026-01-22,UCR3uoYsbRO_S0wg2DaSlb8g,Wondershare Français,98300,15583931,1296
2026-01-22,UCMc7IaTDRDtxftK9v0aXVqA,Yada 2.0,111000,16492425,203
2026-01-22,UC6jfhJWEAfako0XlKnA2UGQ,Timena TechGeek,64000,11411051,1014
2026-01-22,UCU_a5aoj_HzTMohx0JG_Z4A,GUILLAUME++,100000,9632929,297
2026-01-22,UC70eSjnRIGvRLCzT6K0SQSg,Device FR,1850,658431,827
2026-01-22,UCOCoKBUmALR6d7UW_s5zgrA,Arnaud C.,105000,6842291,301
2026-01-22,UCHGvOgxAA_MFOH1yyhjcR-Q,ArtBen,326000,38101725,266
2026-01-22,UCJLKCYMkCbOW9wzmeUj8dwQ,MEHDI’N TECH,59600,3221674,132
2026-01-22,UCIaNSaws_Wv_eoUAmDbUK-Q,MT High Tech Deal's,2820,245757,71
2026-01-22,UCpSRz-eAoiSW5kaHpI_3LjA,JOLI TECH,15,12961,447
2026-01-22,UCA25ZdZZF5XE6ihPE5pwfnw,Materiel.net,31700,12684990,574
2026-01-22,UCDY3WI0HqdzNADtE6B-BmUw,MrG Tech,185000,28677828,579
2026-01-22,UCTER7XOnDvSRbI2YxikLaVw,RTBF iXPé,258000,89825898,2411
2026-01-23,UCQZa27_VXLUowoMsYo6Y0Dw,bazze tv,22500,3083487,259
2026-01-23,UCBOGe_x7aqQV4Ly5Rfa4iow,Les Tests de Cyril,30700,2577956,450
2026-01-23,UCSYFVeBI66YqDhGrYKxiCUQ,Georges,1030,101503,37
2026-01-23,UCGMxP4yf3ixAAEKQc3d76gw,Arnaud,6140,1770721,138
2026-01-23,UCe7R7Pt-bxNT7EE83NLsmFQ,Avis Express - Testeur High-Tech,272000,57607786,1697
2026-01-23,UC_dzE9mydhQuQ0NwmXByDtA,André Martin,386000,55135565,974
2026-01-23,UCTOAKgwfqqCbOytF3RNGGVw,Monsieur GRrr,722000,146764954,1974
2026-01-23,UC2lMzO7HzJ_jamFT762vfwA,Jon Rettinger en Français,319,53528,29
2026-01-23,UC7XxmEXw7wXgh259vYCSjkQ,Cmonavis 2,10000,1229662,204
2026-01-23,UCBqYyDusSFntU7k2UnFGsBA,Giga Content,24700,5051199,790
2026-01-23,UCaHolOYkfcTdC0vTFAywzXw,LoKan Sardari,87400,18151800,974
2026-01-23,UCTmHRe6W96WgYlUNxcokpVQ,Fitfitzone,1220,157624,18
2026-01-23,UCiR9chjo9kIFMsCXgspFxqg,Braindegeek,74100,46667467,788
2026-01-23,UCu6HC8ahaPWqqfSvic7nWyQ,Nightech,137000,33086186,508
2026-01-23,UCwsQtHFlS-LKVn8xJ3TaupQ,Monsieur Pixel,9110,1179433,218
2026-01-23,UCGjKSSIpN7aYQluu04kPrsA,Brandon Le Proktor,306000,43055659,401
2026-01-23,UCXJ_vW2t0W5hY9hS8ePnpzw,Back Market France,21900,159800340,190
2026-01-23,UCm3QK_QNta9Mue2Q70gtzVw,Android plus,2660,452644,422
2026-01-23,UC1N4EIilrmXhTEdu3h7tpPg,iPhone page ,999,173110,252
2026-01-23,UCZ5qxuvquQABNtjcawNMowA,DaddyFamtech,117000,13198008,1399
2026-01-23,UCC5xS4j2xUyGO2UfjFh5LsQ,Nooz,14100,2586574,605
2026-01-23,UCoJ4gzwVvGNH5GNqiJoQAAA,Alex Reframe,131000,25006180,645
2026-01-23,UC1wV5Kf18gVbL3bWH-tWKDw,Cmonavis,62100,12399848,648
2026-01-23,UCljgvfi_NnUrNJVHp_HGHwA,Bazar de Léo - TechMaker,72000,25490510,112
2026-01-23,UCPQsSFJurluaMOG1qL0Y7sA,PP World,447000,77339988,1029
2026-01-23,UC-pdFydi9ooxEfATh3KoiIw,STEVEN,1100000,196435176,1507
2026-01-23,UCOyUCj6Wx9skJggzZFUDZyA,Unlock Talk,20100,2323744,354
2026-01-23,UCqRSWOqkW_oelrdUN7KQ-aQ,Les Numériques,154000,64070097,3028
2026-01-23,UCkS6jlQ4RJTCdkzVCU2-FSQ,GeekEtc,21500,6163356,637
2026-01-23,UCuDNiVxL-Zfw0CBVQ4oOr8w,DealSmart FR,191,27786,23
2026-01-23,UCflWJq4cTuofmM-0G-GMUNQ,conseilguide,19200,6655796,1280
2026-01-23,UCaybrunQi8xWgPMgv1AYBHw,TheiCollection,1000000,218993599,1281
2026-01-23,UCrsiHZzr4IjuSjnvPy5rVUQ,Daddy Dtech,114000,12051028,402
2026-01-23,UCZEdNvDcHUPEE7CDRpXnO6w,Cyril | Ctrl Bu,5870,811733,153
2026-01-23,UCCUlTcDhcn72O8TiNfFJWWA,GLG video (JT Geek),68500,20214498,3326
2026-01-23,UCrSCIeCW1YuEviVZPVhEfGQ,Dorian GM,29300,5718159,268
2026-01-23,UCYmw-Y8TnRzO4COTBKEgUGg,Les Dénicheurs,20400,5761367,2946
2026-01-23,UC6joDErOGcFJC1vHNSfsYQg,01net,136000,48005778,1804
2026-01-23,UCDfGCQqgOKPYeiaG3I4vl4w,Marty,109000,22383398,876
2026-01-23,UC4q3HKdMqzll3SvA2Lf7oAg,Thomas in Tech,71800,21078323,944
2026-01-23,UCNOUTy_TWRJzAaSfIGserkg,Nowtech Replay (Le Mug Nowtech),5390,800582,501
2026-01-23,UCA_DfRJwb5U0S4UiiH3BtUg,Jérémy Dufour,77200,13048501,978
2026-01-23,UCJy0lX8ThZ7lCtst7JnegWQ,Jojol,2690000,609935115,2111
2026-01-23,UCfLyhjpn3hzleNtgTGOQimA,Romain PIAUD,31300,7482761,575
2026-01-23,UCQsb5TqYUeGWGpJFr8DMWsQ,ANONIMAL,613000,71225552,296
2026-01-23,UCxpT79bmhxk50l8P50WG86w,Discoverdex,77500,23855487,471
2026-01-23,UCQigF3tZJJlt6o1_tkYKkNQ,KAPPA Studio,228000,56877432,124
2026-01-23,UCFrfK9IFqO15S7C52DdnSog,GIGATOP,42800,15042307,1070
2026-01-23,UCgjhIdz3Uw9r-eMyML9M8FA,PIKATE,11600,1184174,117
2026-01-23,UCZsEJw8rwd0RWAga5dulOpg,Bon Plan High Tech,13600,4544039,343
2026-01-23,UCB32y6dm508Hap4_Mn-ZnHQ,Presse-citron,91000,25643192,1428
2026-01-23,UCUclUivgBePqnqDGQ3Jzu2Q,TOUKIWANTI,123000,21536577,841
2026-01-23,UCfbwndxvM8tOtxN_GqU1R3Q,Lorenzo-high-tech,28900,4418242,940
2026-01-23,UCUltPy138RvnbWX_FuUHtDA,MT High-Tech,22000,2893883,314
2026-01-23,UCpaI1FRY8EGK6mEAL7Wfr9w,Yosheez,130000,58382400,847
2026-01-23,UCc7giV0qHsCNbhjV3_ZJ22w,Paul - Nakryum,107000,14617239,579
2026-01-23,UCR-4Ge4NbqILG5HTTvs_nFQ,Lysandre_lbd,12000,5307058,311
2026-01-23,UCssuk5-zaZn9vt0_HNj-Hug,VERBOZZ,473000,60431905,284
2026-01-23,UCUbwQOAmLdZ9zPOOPFt25zQ,YanNick TECH,66500,16802285,1307
2026-01-23,UCQvNFAufGf8mtN2_L8thysg,Journal du Geek,66000,31575769,2486
2026-01-23,UCOtM8pxxBIfwqu6e8mHgUEQ,TheiMika,12800,3580213,121
2026-01-23,UCNzUonmxxvG-HIqOC3S7Thw,VAC - Vulgarisateur Apple et compagnie,76100,1506152,227
2026-01-23,UC65OszX3C9oYfNLU5AWjwYg,Aaron,2960,293966,32
2026-01-23,UCU8_onYYhNxwGUB3hA34C4Q,FrenchHardware,838000,166531873,934
2026-01-23,UClnRNkdVq24iwIbc1O-hjlw,Yensing,20900,1254212,19
2026-01-23,UC2HXhqg87yIWz152Ig9vkaQ,Tout Techno,31700,6955847,234
2026-01-23,UCJ3MlRSjtv2sT-rIDsFg0fw,Sam_VNR,4630,270090,58
2026-01-23,UClQPWod8Gjgw7i51t7PYibQ, Sélection Futée,2180,180431,367
2026-01-23,UCX4A8obrGg1iX37R-fyBJ6w,Monde Tech,683,128154,111
2026-01-23,UCwZsbPUXohCN867pQzioGLw,Nicolas Barbet,15400,5656432,349
2026-01-23,UCDBYphtxNDXGQe5eyHYZ6Fw,GUILLAUME,497000,65586255,877
2026-01-23,UCrwtkeoBxPfhyde5eesmvyA,CieloTech,11800,12411604,209
2026-01-23,UCP5-zNhWXk_LUPIJpxtrTnQ,Cowcotland,52600,23480976,4255
2026-01-23,UCa8Leo9o5Nnb-Cc1sWfT2HQ,MobileAddict,300000,44006624,419
2026-01-23,UCzICpbabqKwBTpb9XlWerjA,PassTech TV,681,127193,14
2026-01-23,UC_FckuJiPXwA_nOEIoTsRZg,Fabien captain virtuality,12800,1785357,179
2026-01-23,UCtPzJInyqqt__Tn0EaUlaAw,Science Gaming,406000,380932848,1286
2026-01-23,UCRI5foOTNz6DuVz3SVQ1cMA,Tao Gassin,13300,1066231,53
2026-01-23,UCVrceZhsV6TRyVh3VhBFaKA,MOBICLICK,2030,1027162,185
2026-01-23,UCb0sWM7tMRaEgn_hpptqnxA,Mon iPad & Moi,636,36205,28
2026-01-23,UC5HtcZa4-moyfy6NTY7GHwA,TECHNO 24,449,189861,540
2026-01-23,UCUanZckNyJODHBdqtMzYMpA,ORLM.tv / On refait le Mac,54700,13153585,1443
2026-01-23,UCB0ffaItcXwkgbVu8Hvq3Tw,QUENTIN,224000,43308155,1302
2026-01-23,UC69qClfvKeB9WeyySg5iQrQ,Yohann Studio,4230,2250112,316
2026-01-23,UCJ4p_F-vCnEn5V5OtFN8Q3w,FrenchMakito,32500,3537758,97
2026-01-23,UCUD3E77YRTGK3yPSDB6Kq5Q,Monsport06,193000,13111577,506
2026-01-23,UCs7Jg5KBsgiova4CrseuwIw,TheGrandTest,324000,45042636,1873
2026-01-23,UCagQpz-WZtgbSp8Ry0XQ4Yw,Victor,2840,198610,47
2026-01-23,UCMWAxO0xGJxELkiX5_pEJNA,Pannacophone - Smartphone & Tech ,91100,11445018,137
2026-01-23,UCUT9pQQGw4ZEpv5hqrv-bZw,TonyTech,89100,11596466,725
2026-01-23,UC7rdUip5Q8R7Ki1haNbdwwg,SoloTech,253000,35158418,611
2026-01-23,UCf-DN6QjyyEbhuMWCoXdXQQ,Phonandroid,144000,26458956,840
2026-01-23,UCdqC1GnhKs3aQw6j62uOvUw,Mister Perrier,57100,5073089,364
2026-01-23,UCySZIa8Y4e6aSVg4CISXAOA,Mathieu Dos Santos,24100,4050692,1091
2026-01-23,UC1WIj7YGywcVoRLS0zZu2RQ,TechDams,5330,1697850,22
2026-01-23,UCM6kUx3GI7lTQlqMBiumaEg,technofou,43400,1922837,90
2026-01-23,UCEPqgSzHj7vlJj5pGX9dDdA,Gilo & Alex,2310,129186,40
2026-01-23,UCuE3ei3NOnVjQUefjHUCF5Q,DiscoverID,377000,51768711,529
2026-01-23,UCJPa4sr9B_mLjShfHhWi8yg,TECnaiche,13400,4599099,403
2026-01-23,UC0AFqXyYs1z2Dxx5jtQBicQ,SkinnZer,44600,3616168,287
2026-01-23,UCOCoKBUmALR6d7UW_s5zgrA,Arnaud C.,105000,6846030,302
2026-01-23,UC6jfhJWEAfako0XlKnA2UGQ,Timena TechGeek,64000,11413623,1014
2026-01-23,UCMc7IaTDRDtxftK9v0aXVqA,Yada 2.0,111000,16502925,203
2026-01-23,UCJLKCYMkCbOW9wzmeUj8dwQ,MEHDI’N TECH,59600,3222655,132
2026-01-23,UCQSA6pCffm7epqxFqouL0Xg,Mathis et Gauthier,191000,32926043,434
2026-01-23,UCHGvOgxAA_MFOH1yyhjcR-Q,ArtBen,326000,38109006,266
2026-01-23,UC69gruQfEHEQ4Qme0liJOdw,Ludo Tech,1710,755437,185
2026-01-23,UC3-dl8nKItitMxM9DNTDAfQ,Kang et ses PC,104000,25780373,137
2026-01-23,UCOaX4zvPzmv0eBbUWOOOB_A,TopAchat,101000,18414506,683
2026-01-23,UCHJb6-VCrzQqVQASN23OskQ,Jigfio Ti Super,19000,924661,67
2026-01-23,UCOm_kuKVb4ImX_DHpIgX_zg,Skinn's Tech Deals,1930,69121,17
2026-01-23,UCPP-NkzSqMJ9ywhJkcgrpAw,Tech_Sama,213000,29240902,754
2026-01-23,UCURjynFkZicGPbIIaWO9vmQ,Benji TV,60500,14352841,250
2026-01-23,UCrHCRJPuJJcINMMEETEYt4g,Petit Comparateur,16000,5666754,729
2026-01-23,UCNWE4ouC-BxzJ-Lomuuqb1Q,Isma(ël),4230,292754,42
2026-01-23,UCA25ZdZZF5XE6ihPE5pwfnw,Materiel.net,31700,12693337,574
2026-01-23,UCchpwieM3DswmDEnJ0MRq1A,Romain Lanéry,1050000,204491121,1661
2026-01-23,UCTER7XOnDvSRbI2YxikLaVw,RTBF iXPé,258000,90002730,2414
2026-01-23,UCAOjk3Po21_t7L1MDHQ4-Og,FNK Hardware,248000,43062536,1231
2026-01-23,UCpFq62uOig4n9jT3luIYUDQ,VZX,22900,9412738,142
2026-01-23,UCU_a5aoj_HzTMohx0JG_Z4A,GUILLAUME++,100000,9637560,297
2026-01-23,UCDY3WI0HqdzNADtE6B-BmUw,MrG Tech,185000,28680904,579
2026-01-23,UCpSRz-eAoiSW5kaHpI_3LjA,JOLI TECH,15,13139,453
2026-01-23,UCbwE_k9zALnzZRvkoyDhuzw,Jojo Le Geek,165000,25179392,590
2026-01-23,UCR3uoYsbRO_S0wg2DaSlb8g,Wondershare Français,98300,15598987,1296
2026-01-23,UC70eSjnRIGvRLCzT6K0SQSg,Device FR,1860,660917,830
2026-01-23,UCIaNSaws_Wv_eoUAmDbUK-Q,MT High Tech Deal's,2820,245780,71
2026-01-23,UCrAiXFptzDmgQA6gUCOz9RQ,Meta Perso,14700,1085717,49
2026-01-23,UCz6PEeVLG1TL6jMRTvSLm4g,Matt Talks Tech,778000,106818090,1480
2026-01-23,UCr7ZVUNJ9KyYD92xqfinGsQ,Jimtek,15900,1338535,132
2026-01-24,UCQZa27_VXLUowoMsYo6Y0Dw,bazze tv,22500,3092896,259
2026-01-24,UCBqYyDusSFntU7k2UnFGsBA,Giga Content,24700,5057173,791
2026-01-24,UCTmHRe6W96WgYlUNxcokpVQ,Fitfitzone,1230,157892,18
2026-01-24,UCflWJq4cTuofmM-0G-GMUNQ,conseilguide,19200,6658560,1280
2026-01-24,UCoJ4gzwVvGNH5GNqiJoQAAA,Alex Reframe,131000,25007729,645
2026-01-24,UCYmw-Y8TnRzO4COTBKEgUGg,Les Dénicheurs,20400,5767332,2948
2026-01-24,UC4q3HKdMqzll3SvA2Lf7oAg,Thomas in Tech,71900,21088674,944
2026-01-24,UCNOUTy_TWRJzAaSfIGserkg,Nowtech Replay (Le Mug Nowtech),5390,801580,502
2026-01-24,UCgjhIdz3Uw9r-eMyML9M8FA,PIKATE,11600,1186652,117
2026-01-24,UCZsEJw8rwd0RWAga5dulOpg,Bon Plan High Tech,13600,4545483,343
2026-01-24,UCZ5qxuvquQABNtjcawNMowA,DaddyFamtech,117000,13212534,1400
2026-01-24,UCu6HC8ahaPWqqfSvic7nWyQ,Nightech,137000,33130503,509
2026-01-24,UCiR9chjo9kIFMsCXgspFxqg,Braindegeek,74200,46723923,788
2026-01-24,UC1N4EIilrmXhTEdu3h7tpPg,iPhone page ,1000,173566,252
2026-01-24,UCOyUCj6Wx9skJggzZFUDZyA,Unlock Talk,20100,2329831,355
2026-01-24,UCTOAKgwfqqCbOytF3RNGGVw,Monsieur GRrr,722000,146796783,1975
2026-01-24,UCxpT79bmhxk50l8P50WG86w,Discoverdex,77500,23870135,471
2026-01-24,UCwsQtHFlS-LKVn8xJ3TaupQ,Monsieur Pixel,9130,1179920,218
2026-01-24,UCGMxP4yf3ixAAEKQc3d76gw,Arnaud,6150,1771234,138
2026-01-24,UC2lMzO7HzJ_jamFT762vfwA,Jon Rettinger en Français,318,54017,29
2026-01-24,UCGjKSSIpN7aYQluu04kPrsA,Brandon Le Proktor,307000,43209842,401
2026-01-24,UCrsiHZzr4IjuSjnvPy5rVUQ,Daddy Dtech,114000,12070349,402
2026-01-24,UCZEdNvDcHUPEE7CDRpXnO6w,Cyril | Ctrl Bu,5870,812257,154
2026-01-24,UCJy0lX8ThZ7lCtst7JnegWQ,Jojol,2690000,609994864,2111
2026-01-24,UCm3QK_QNta9Mue2Q70gtzVw,Android plus,2660,452827,423
2026-01-24,UCrSCIeCW1YuEviVZPVhEfGQ,Dorian GM,29300,5739546,268
2026-01-24,UCkS6jlQ4RJTCdkzVCU2-FSQ,GeekEtc,21500,6172405,637
2026-01-24,UC6joDErOGcFJC1vHNSfsYQg,01net,136000,48021034,1804
2026-01-24,UC1wV5Kf18gVbL3bWH-tWKDw,Cmonavis,62100,12406880,648
2026-01-24,UCPQsSFJurluaMOG1qL0Y7sA,PP World,447000,77359808,1029
2026-01-24,UCFrfK9IFqO15S7C52DdnSog,GIGATOP,42800,15061325,1072
2026-01-24,UCC5xS4j2xUyGO2UfjFh5LsQ,Nooz,14100,2590913,606
2026-01-24,UCXJ_vW2t0W5hY9hS8ePnpzw,Back Market France,21900,159885139,191
2026-01-24,UCA_DfRJwb5U0S4UiiH3BtUg,Jérémy Dufour,77200,13196963,979
2026-01-24,UCCUlTcDhcn72O8TiNfFJWWA,GLG video (JT Geek),68600,20217598,3328
2026-01-24,UCqRSWOqkW_oelrdUN7KQ-aQ,Les Numériques,154000,64116915,3028
2026-01-24,UC_dzE9mydhQuQ0NwmXByDtA,André Martin,386000,55179511,974
2026-01-24,UCe7R7Pt-bxNT7EE83NLsmFQ,Avis Express - Testeur High-Tech,272000,57621045,1697
2026-01-24,UCBOGe_x7aqQV4Ly5Rfa4iow,Les Tests de Cyril,30700,2579781,450
2026-01-24,UCaHolOYkfcTdC0vTFAywzXw,LoKan Sardari,87500,18161211,974
2026-01-24,UCljgvfi_NnUrNJVHp_HGHwA,Bazar de Léo - TechMaker,72000,25490916,112
2026-01-24,UCDfGCQqgOKPYeiaG3I4vl4w,Marty,109000,22391629,876
2026-01-24,UCQsb5TqYUeGWGpJFr8DMWsQ,ANONIMAL,613000,71226924,296
2026-01-24,UCQigF3tZJJlt6o1_tkYKkNQ,KAPPA Studio,228000,56920196,124
2026-01-24,UCaybrunQi8xWgPMgv1AYBHw,TheiCollection,1000000,219026209,1281
2026-01-24,UC-pdFydi9ooxEfATh3KoiIw,STEVEN,1100000,196451470,1507
2026-01-24,UC7XxmEXw7wXgh259vYCSjkQ,Cmonavis 2,10100,1232268,205
2026-01-24,UCfLyhjpn3hzleNtgTGOQimA,Romain PIAUD,31300,7491523,576
2026-01-24,UCSYFVeBI66YqDhGrYKxiCUQ,Georges,1090,105644,37
2026-01-24,UCuDNiVxL-Zfw0CBVQ4oOr8w,DealSmart FR,191,27917,23
2026-01-24,UC69qClfvKeB9WeyySg5iQrQ,Yohann Studio,4240,2253480,316
2026-01-24,UCuE3ei3NOnVjQUefjHUCF5Q,DiscoverID,377000,51772804,529
2026-01-24,UCpaI1FRY8EGK6mEAL7Wfr9w,Yosheez,130000,58399070,847
2026-01-24,UCB0ffaItcXwkgbVu8Hvq3Tw,QUENTIN,224000,43312002,1302
2026-01-24,UCwZsbPUXohCN867pQzioGLw,Nicolas Barbet,15400,5659467,350
2026-01-24,UCUanZckNyJODHBdqtMzYMpA,ORLM.tv / On refait le Mac,54700,13157708,1446
2026-01-24,UCySZIa8Y4e6aSVg4CISXAOA,Mathieu Dos Santos,24100,4054174,1092
2026-01-24,UCM6kUx3GI7lTQlqMBiumaEg,technofou,43400,1922963,90
2026-01-24,UCJ4p_F-vCnEn5V5OtFN8Q3w,FrenchMakito,32500,3537101,96
2026-01-24,UCQvNFAufGf8mtN2_L8thysg,Journal du Geek,66000,31581514,2488
2026-01-24,UCzICpbabqKwBTpb9XlWerjA,PassTech TV,681,127200,14
2026-01-24,UCVrceZhsV6TRyVh3VhBFaKA,MOBICLICK,2030,1029986,186
2026-01-24,UCNzUonmxxvG-HIqOC3S7Thw,VAC - Vulgarisateur Apple et compagnie,76300,1509812,228
2026-01-24,UC1WIj7YGywcVoRLS0zZu2RQ,TechDams,5330,1700226,22
2026-01-24,UCtPzJInyqqt__Tn0EaUlaAw,Science Gaming,406000,381260413,1280
2026-01-24,UC2HXhqg87yIWz152Ig9vkaQ,Tout Techno,31700,6964022,235
2026-01-24,UCP5-zNhWXk_LUPIJpxtrTnQ,Cowcotland,52600,23483469,4256
2026-01-24,UCUclUivgBePqnqDGQ3Jzu2Q,TOUKIWANTI,123000,21550198,842
2026-01-24,UCa8Leo9o5Nnb-Cc1sWfT2HQ,MobileAddict,300000,44012749,419
2026-01-24,UCU8_onYYhNxwGUB3hA34C4Q,FrenchHardware,838000,166650758,936
2026-01-24,UClnRNkdVq24iwIbc1O-hjlw,Yensing,20900,1255358,19
2026-01-24,UCR-4Ge4NbqILG5HTTvs_nFQ,Lysandre_lbd,12000,5310462,312
2026-01-24,UClQPWod8Gjgw7i51t7PYibQ, Sélection Futée,2190,181707,368
2026-01-24,UC7rdUip5Q8R7Ki1haNbdwwg,SoloTech,253000,35162280,613
2026-01-24,UCMWAxO0xGJxELkiX5_pEJNA,Pannacophone - Smartphone & Tech ,91100,11450004,137
2026-01-24,UCRI5foOTNz6DuVz3SVQ1cMA,Tao Gassin,13300,1067694,53
2026-01-24,UCUD3E77YRTGK3yPSDB6Kq5Q,Monsport06,193000,13115152,506
2026-01-24,UCDBYphtxNDXGQe5eyHYZ6Fw,GUILLAUME,497000,65601028,878
2026-01-24,UC5HtcZa4-moyfy6NTY7GHwA,TECHNO 24,449,190017,543
2026-01-24,UCB32y6dm508Hap4_Mn-ZnHQ,Presse-citron,91000,25649759,1427
2026-01-24,UCUltPy138RvnbWX_FuUHtDA,MT High-Tech,22000,2895105,314
2026-01-24,UCX4A8obrGg1iX37R-fyBJ6w,Monde Tech,685,128719,112
2026-01-24,UC65OszX3C9oYfNLU5AWjwYg,Aaron,2960,294257,32
2026-01-24,UC0AFqXyYs1z2Dxx5jtQBicQ,SkinnZer,44600,3618010,287
2026-01-24,UCssuk5-zaZn9vt0_HNj-Hug,VERBOZZ,473000,60450026,284
2026-01-24,UCfbwndxvM8tOtxN_GqU1R3Q,Lorenzo-high-tech,28900,4422727,940
2026-01-24,UCb0sWM7tMRaEgn_hpptqnxA,Mon iPad & Moi,637,36344,28
2026-01-24,UCJPa4sr9B_mLjShfHhWi8yg,TECnaiche,13400,4602564,403
2026-01-24,UCOtM8pxxBIfwqu6e8mHgUEQ,TheiMika,12800,3580566,121
2026-01-24,UCJ3MlRSjtv2sT-rIDsFg0fw,Sam_VNR,4630,272329,58
2026-01-24,UCEPqgSzHj7vlJj5pGX9dDdA,Gilo & Alex,2310,129306,40
2026-01-24,UCUbwQOAmLdZ9zPOOPFt25zQ,YanNick TECH,66500,16829656,1308
2026-01-24,UCUT9pQQGw4ZEpv5hqrv-bZw,TonyTech,89100,11600598,728
2026-01-24,UCdqC1GnhKs3aQw6j62uOvUw,Mister Perrier,57100,5073316,364
2026-01-24,UCc7giV0qHsCNbhjV3_ZJ22w,Paul - Nakryum,107000,14761357,579
2026-01-24,UCf-DN6QjyyEbhuMWCoXdXQQ,Phonandroid,144000,26461197,840
2026-01-24,UC_FckuJiPXwA_nOEIoTsRZg,Fabien captain virtuality,12800,1785912,179
2026-01-24,UCagQpz-WZtgbSp8Ry0XQ4Yw,Victor,2850,199213,47
2026-01-24,UCs7Jg5KBsgiova4CrseuwIw,TheGrandTest,324000,45049165,1873
2026-01-24,UCrwtkeoBxPfhyde5eesmvyA,CieloTech,11800,12456342,210
2026-01-24,UC69gruQfEHEQ4Qme0liJOdw,Ludo Tech,1720,755922,186
2026-01-24,UCJLKCYMkCbOW9wzmeUj8dwQ,MEHDI’N TECH,59600,3223573,132
2026-01-24,UCAOjk3Po21_t7L1MDHQ4-Og,FNK Hardware,249000,43066650,1232
2026-01-24,UC6jfhJWEAfako0XlKnA2UGQ,Timena TechGeek,64000,11416382,1013
2026-01-24,UCpSRz-eAoiSW5kaHpI_3LjA,JOLI TECH,16,13297,453
2026-01-24,UCpFq62uOig4n9jT3luIYUDQ,VZX,22900,9414260,143
2026-01-24,UCbwE_k9zALnzZRvkoyDhuzw,Jojo Le Geek,165000,25183620,590
2026-01-24,UCQSA6pCffm7epqxFqouL0Xg,Mathis et Gauthier,191000,32940154,434
2026-01-24,UCrAiXFptzDmgQA6gUCOz9RQ,Meta Perso,14700,1085806,49
2026-01-24,UCr7ZVUNJ9KyYD92xqfinGsQ,Jimtek,15900,1340251,132
2026-01-24,UCHGvOgxAA_MFOH1yyhjcR-Q,ArtBen,326000,38115858,266
2026-01-24,UCOCoKBUmALR6d7UW_s5zgrA,Arnaud C.,105000,6851344,303
2026-01-24,UCHJb6-VCrzQqVQASN23OskQ,Jigfio Ti Super,19000,925369,67
2026-01-24,UCTER7XOnDvSRbI2YxikLaVw,RTBF iXPé,258000,90108785,2416
2026-01-24,UCIaNSaws_Wv_eoUAmDbUK-Q,MT High Tech Deal's,2820,245804,71
2026-01-24,UC3-dl8nKItitMxM9DNTDAfQ,Kang et ses PC,104000,25804016,137
2026-01-24,UCNWE4ouC-BxzJ-Lomuuqb1Q,Isma(ël),4240,293830,43
2026-01-24,UC70eSjnRIGvRLCzT6K0SQSg,Device FR,1860,663199,833
2026-01-24,UCrHCRJPuJJcINMMEETEYt4g,Petit Comparateur,16000,5669821,729
2026-01-24,UCz6PEeVLG1TL6jMRTvSLm4g,Matt Talks Tech,778000,106873893,1481
2026-01-24,UCMc7IaTDRDtxftK9v0aXVqA,Yada 2.0,111000,16509185,203
2026-01-24,UCU_a5aoj_HzTMohx0JG_Z4A,GUILLAUME++,100000,9641251,297
2026-01-24,UCDY3WI0HqdzNADtE6B-BmUw,MrG Tech,185000,28684781,579
2026-01-24,UCOaX4zvPzmv0eBbUWOOOB_A,TopAchat,101000,18437930,684
2026-01-24,UCA25ZdZZF5XE6ihPE5pwfnw,Materiel.net,31700,12701847,574
2026-01-24,UCchpwieM3DswmDEnJ0MRq1A,Romain Lanéry,1050000,204582809,1662
2026-01-24,UCR3uoYsbRO_S0wg2DaSlb8g,Wondershare Français,98400,15614542,1296
2026-01-24,UCPP-NkzSqMJ9ywhJkcgrpAw,Tech_Sama,213000,29248726,754
2026-01-24,UCOm_kuKVb4ImX_DHpIgX_zg,Skinn's Tech Deals,1920,69195,17
2026-01-24,UCURjynFkZicGPbIIaWO9vmQ,Benji TV,60600,14363679,250
2026-01-25,UCm3QK_QNta9Mue2Q70gtzVw,Android plus,2650,453086,424
2026-01-25,UCkS6jlQ4RJTCdkzVCU2-FSQ,GeekEtc,21500,6182417,638
2026-01-25,UCGjKSSIpN7aYQluu04kPrsA,Brandon Le Proktor,307000,43363861,401
2026-01-25,UCYmw-Y8TnRzO4COTBKEgUGg,Les Dénicheurs,20500,5774070,2950
2026-01-25,UC7XxmEXw7wXgh259vYCSjkQ,Cmonavis 2,10100,1234318,205
2026-01-25,UCZsEJw8rwd0RWAga5dulOpg,Bon Plan High Tech,13600,4547055,343
2026-01-25,UCOyUCj6Wx9skJggzZFUDZyA,Unlock Talk,20100,2334507,356
2026-01-25,UCuDNiVxL-Zfw0CBVQ4oOr8w,DealSmart FR,191,28047,23
2026-01-25,UCJy0lX8ThZ7lCtst7JnegWQ,Jojol,2690000,610099098,2112
2026-01-25,UCBOGe_x7aqQV4Ly5Rfa4iow,Les Tests de Cyril,30700,2581979,451
2026-01-25,UCe7R7Pt-bxNT7EE83NLsmFQ,Avis Express - Testeur High-Tech,272000,57633968,1697
2026-01-25,UC2lMzO7HzJ_jamFT762vfwA,Jon Rettinger en Français,319,54309,30
2026-01-25,UCZEdNvDcHUPEE7CDRpXnO6w,Cyril | Ctrl Bu,5880,815137,154
2026-01-25,UC-pdFydi9ooxEfATh3KoiIw,STEVEN,1100000,196468487,1507
2026-01-25,UCoJ4gzwVvGNH5GNqiJoQAAA,Alex Reframe,131000,25009358,645
2026-01-25,UCC5xS4j2xUyGO2UfjFh5LsQ,Nooz,14100,2594806,606
2026-01-25,UCxpT79bmhxk50l8P50WG86w,Discoverdex,77600,23883442,471
2026-01-25,UC1wV5Kf18gVbL3bWH-tWKDw,Cmonavis,62100,12414231,649
2026-01-25,UCDfGCQqgOKPYeiaG3I4vl4w,Marty,109000,22397931,876
2026-01-25,UC4q3HKdMqzll3SvA2Lf7oAg,Thomas in Tech,71900,21099146,945
2026-01-25,UCTmHRe6W96WgYlUNxcokpVQ,Fitfitzone,1230,159342,18
2026-01-25,UCaybrunQi8xWgPMgv1AYBHw,TheiCollection,1000000,219061972,1282
2026-01-25,UCqRSWOqkW_oelrdUN7KQ-aQ,Les Numériques,154000,64144498,3028
2026-01-25,UC_dzE9mydhQuQ0NwmXByDtA,André Martin,386000,55221102,975
2026-01-25,UCZ5qxuvquQABNtjcawNMowA,DaddyFamtech,117000,13227612,1400
2026-01-25,UCfLyhjpn3hzleNtgTGOQimA,Romain PIAUD,31400,7500472,577
2026-01-25,UC1N4EIilrmXhTEdu3h7tpPg,iPhone page ,1000,173902,253
2026-01-25,UCFrfK9IFqO15S7C52DdnSog,GIGATOP,42900,15078774,1072
2026-01-25,UCljgvfi_NnUrNJVHp_HGHwA,Bazar de Léo - TechMaker,72000,25491366,112
2026-01-25,UCBqYyDusSFntU7k2UnFGsBA,Giga Content,24700,5061752,792
2026-01-25,UCiR9chjo9kIFMsCXgspFxqg,Braindegeek,74300,46782267,789
2026-01-25,UCNOUTy_TWRJzAaSfIGserkg,Nowtech Replay (Le Mug Nowtech),5390,801948,502
2026-01-25,UCXJ_vW2t0W5hY9hS8ePnpzw,Back Market France,21900,159986941,191
2026-01-25,UCPQsSFJurluaMOG1qL0Y7sA,PP World,447000,77375788,1030
2026-01-25,UCaHolOYkfcTdC0vTFAywzXw,LoKan Sardari,87500,18170558,975
2026-01-25,UCflWJq4cTuofmM-0G-GMUNQ,conseilguide,19200,6661412,1280
2026-01-25,UCQigF3tZJJlt6o1_tkYKkNQ,KAPPA Studio,228000,56975100,124
2026-01-25,UCSYFVeBI66YqDhGrYKxiCUQ,Georges,1120,108169,37
2026-01-25,UCCUlTcDhcn72O8TiNfFJWWA,GLG video (JT Geek),68700,20220582,3330
2026-01-25,UCu6HC8ahaPWqqfSvic7nWyQ,Nightech,138000,33174421,509
2026-01-25,UCrsiHZzr4IjuSjnvPy5rVUQ,Daddy Dtech,114000,12089585,402
2026-01-25,UCGMxP4yf3ixAAEKQc3d76gw,Arnaud,6150,1773390,138
2026-01-25,UCQZa27_VXLUowoMsYo6Y0Dw,bazze tv,22500,3098247,259
2026-01-25,UCwsQtHFlS-LKVn8xJ3TaupQ,Monsieur Pixel,9140,1181955,218
2026-01-25,UCTOAKgwfqqCbOytF3RNGGVw,Monsieur GRrr,722000,146897617,1975
2026-01-25,UCA_DfRJwb5U0S4UiiH3BtUg,Jérémy Dufour,77200,13352730,979
2026-01-25,UCrSCIeCW1YuEviVZPVhEfGQ,Dorian GM,29400,5759434,268
2026-01-25,UCQsb5TqYUeGWGpJFr8DMWsQ,ANONIMAL,613000,71228631,296
2026-01-25,UCgjhIdz3Uw9r-eMyML9M8FA,PIKATE,11600,1189207,117
2026-01-25,UC6joDErOGcFJC1vHNSfsYQg,01net,136000,48031982,1804
2026-01-25,UCrwtkeoBxPfhyde5eesmvyA,CieloTech,11800,12519007,211
2026-01-25,UCDBYphtxNDXGQe5eyHYZ6Fw,GUILLAUME,497000,65621194,878
2026-01-25,UCuE3ei3NOnVjQUefjHUCF5Q,DiscoverID,377000,51777097,529
2026-01-25,UCUclUivgBePqnqDGQ3Jzu2Q,TOUKIWANTI,124000,21570994,842
2026-01-25,UCc7giV0qHsCNbhjV3_ZJ22w,Paul - Nakryum,107000,14909560,579
2026-01-25,UCUD3E77YRTGK3yPSDB6Kq5Q,Monsport06,193000,13118543,506
2026-01-25,UCUltPy138RvnbWX_FuUHtDA,MT High-Tech,22000,2896267,314
2026-01-25,UCQvNFAufGf8mtN2_L8thysg,Journal du Geek,66000,31588831,2488
2026-01-25,UCzICpbabqKwBTpb9XlWerjA,PassTech TV,681,127206,14
2026-01-25,UCssuk5-zaZn9vt0_HNj-Hug,VERBOZZ,473000,60467770,284
2026-01-25,UCfbwndxvM8tOtxN_GqU1R3Q,Lorenzo-high-tech,28900,4426449,941
2026-01-25,UCUanZckNyJODHBdqtMzYMpA,ORLM.tv / On refait le Mac,54800,13166481,1448
2026-01-25,UCRI5foOTNz6DuVz3SVQ1cMA,Tao Gassin,13300,1069123,53
2026-01-25,UCB0ffaItcXwkgbVu8Hvq3Tw,QUENTIN,224000,43315416,1302
2026-01-25,UCJ3MlRSjtv2sT-rIDsFg0fw,Sam_VNR,4640,273800,58
2026-01-25,UCM6kUx3GI7lTQlqMBiumaEg,technofou,43400,1923094,90
2026-01-25,UCUT9pQQGw4ZEpv5hqrv-bZw,TonyTech,89100,11607940,729
2026-01-25,UC65OszX3C9oYfNLU5AWjwYg,Aaron,2960,294579,32
2026-01-25,UClQPWod8Gjgw7i51t7PYibQ, Sélection Futée,2190,183086,369
2026-01-25,UCEPqgSzHj7vlJj5pGX9dDdA,Gilo & Alex,2310,129417,40
2026-01-25,UCdqC1GnhKs3aQw6j62uOvUw,Mister Perrier,57100,5073572,364
2026-01-25,UCJPa4sr9B_mLjShfHhWi8yg,TECnaiche,13400,4606342,403
2026-01-25,UCagQpz-WZtgbSp8Ry0XQ4Yw,Victor,2850,199862,48
2026-01-25,UCa8Leo9o5Nnb-Cc1sWfT2HQ,MobileAddict,300000,44018607,419
2026-01-25,UCf-DN6QjyyEbhuMWCoXdXQQ,Phonandroid,144000,26463398,840
2026-01-25,UC69qClfvKeB9WeyySg5iQrQ,Yohann Studio,4250,2256367,317
2026-01-25,UCUbwQOAmLdZ9zPOOPFt25zQ,YanNick TECH,66600,16856871,1309
2026-01-25,UCySZIa8Y4e6aSVg4CISXAOA,Mathieu Dos Santos,24100,4056750,1093
2026-01-25,UC0AFqXyYs1z2Dxx5jtQBicQ,SkinnZer,44600,3618339,287
2026-01-25,UCOtM8pxxBIfwqu6e8mHgUEQ,TheiMika,12800,3580932,121
2026-01-25,UCs7Jg5KBsgiova4CrseuwIw,TheGrandTest,324000,45055906,1873
2026-01-25,UCU8_onYYhNxwGUB3hA34C4Q,FrenchHardware,838000,166828823,937
2026-01-25,UCX4A8obrGg1iX37R-fyBJ6w,Monde Tech,685,128886,113
2026-01-25,UCtPzJInyqqt__Tn0EaUlaAw,Science Gaming,407000,382080029,1283
2026-01-25,UC_FckuJiPXwA_nOEIoTsRZg,Fabien captain virtuality,12800,1786523,179
2026-01-25,UCMWAxO0xGJxELkiX5_pEJNA,Pannacophone - Smartphone & Tech ,91100,11455210,137
2026-01-25,UCpaI1FRY8EGK6mEAL7Wfr9w,Yosheez,130000,58421022,847
2026-01-25,UClnRNkdVq24iwIbc1O-hjlw,Yensing,20900,1256712,19
2026-01-25,UCJ4p_F-vCnEn5V5OtFN8Q3w,FrenchMakito,32500,3538087,96
2026-01-25,UCVrceZhsV6TRyVh3VhBFaKA,MOBICLICK,2040,1038061,187
2026-01-25,UC2HXhqg87yIWz152Ig9vkaQ,Tout Techno,31800,6972738,236
2026-01-25,UCB32y6dm508Hap4_Mn-ZnHQ,Presse-citron,91000,25655152,1428
2026-01-25,UCwZsbPUXohCN867pQzioGLw,Nicolas Barbet,15400,5664516,350
2026-01-25,UCP5-zNhWXk_LUPIJpxtrTnQ,Cowcotland,52600,23488379,4256
2026-01-25,UCR-4Ge4NbqILG5HTTvs_nFQ,Lysandre_lbd,12000,5314445,312
2026-01-25,UC5HtcZa4-moyfy6NTY7GHwA,TECHNO 24,467,192829,543
2026-01-25,UC1WIj7YGywcVoRLS0zZu2RQ,TechDams,5330,1703213,22
2026-01-25,UCb0sWM7tMRaEgn_hpptqnxA,Mon iPad & Moi,641,36537,28
2026-01-25,UCNzUonmxxvG-HIqOC3S7Thw,VAC - Vulgarisateur Apple et compagnie,76400,1512625,228
2026-01-25,UC7rdUip5Q8R7Ki1haNbdwwg,SoloTech,253000,35166143,613
2026-01-25,UC69gruQfEHEQ4Qme0liJOdw,Ludo Tech,1730,758177,186
2026-01-25,UCTER7XOnDvSRbI2YxikLaVw,RTBF iXPé,259000,90245993,2418
2026-01-25,UC6jfhJWEAfako0XlKnA2UGQ,Timena TechGeek,64100,11418900,1013
2026-01-25,UCU_a5aoj_HzTMohx0JG_Z4A,GUILLAUME++,100000,9644411,297
2026-01-25,UCrHCRJPuJJcINMMEETEYt4g,Petit Comparateur,16000,5673168,729
2026-01-25,UCQSA6pCffm7epqxFqouL0Xg,Mathis et Gauthier,192000,32956364,435
2026-01-25,UCPP-NkzSqMJ9ywhJkcgrpAw,Tech_Sama,213000,29254077,754
2026-01-25,UCR3uoYsbRO_S0wg2DaSlb8g,Wondershare Français,98400,15629692,1296
2026-01-25,UCURjynFkZicGPbIIaWO9vmQ,Benji TV,60600,14372609,250
2026-01-25,UCMc7IaTDRDtxftK9v0aXVqA,Yada 2.0,111000,16516356,203
2026-01-25,UCOaX4zvPzmv0eBbUWOOOB_A,TopAchat,101000,18458429,684
2026-01-25,UCDY3WI0HqdzNADtE6B-BmUw,MrG Tech,185000,28693926,579
2026-01-25,UC3-dl8nKItitMxM9DNTDAfQ,Kang et ses PC,104000,25824735,138
2026-01-25,UCbwE_k9zALnzZRvkoyDhuzw,Jojo Le Geek,165000,25188186,590
2026-01-25,UCr7ZVUNJ9KyYD92xqfinGsQ,Jimtek,16000,1342152,132
2026-01-25,UC70eSjnRIGvRLCzT6K0SQSg,Device FR,1870,665597,836
2026-01-25,UCNWE4ouC-BxzJ-Lomuuqb1Q,Isma(ël),4250,294721,43
2026-01-25,UCAOjk3Po21_t7L1MDHQ4-Og,FNK Hardware,249000,43079061,1232
2026-01-25,UCA25ZdZZF5XE6ihPE5pwfnw,Materiel.net,31700,12710872,574
2026-01-25,UCz6PEeVLG1TL6jMRTvSLm4g,Matt Talks Tech,779000,106920332,1483
2026-01-25,UCpFq62uOig4n9jT3luIYUDQ,VZX,22900,9420668,143
2026-01-25,UCJLKCYMkCbOW9wzmeUj8dwQ,MEHDI’N TECH,59600,3224624,132
2026-01-25,UCIaNSaws_Wv_eoUAmDbUK-Q,MT High Tech Deal's,2820,245836,71
2026-01-25,UCOCoKBUmALR6d7UW_s5zgrA,Arnaud C.,105000,6855043,304
2026-01-25,UCrAiXFptzDmgQA6gUCOz9RQ,Meta Perso,14700,1086202,49
2026-01-25,UCchpwieM3DswmDEnJ0MRq1A,Romain Lanéry,1050000,204671411,1662
2026-01-25,UCHGvOgxAA_MFOH1yyhjcR-Q,ArtBen,326000,38123760,266
2026-01-25,UCHJb6-VCrzQqVQASN23OskQ,Jigfio Ti Super,19000,925933,68
2026-01-25,UCOm_kuKVb4ImX_DHpIgX_zg,Skinn's Tech Deals,1930,69266,17
2026-01-25,UCpSRz-eAoiSW5kaHpI_3LjA,JOLI TECH,16,13494,459
